Symbol,Name,Price,Price/Earnings,Dividend Yield,Earnings/Share,Market Cap,EBITDA,Price/Sales,Price/Book,good_pe,good_eps,good_mc,good_pb,good_div,good_stock,predicted_good_stock
MMM,3M,152.2,21.286713,0.0199,7.15,83294183424.0,8117000192.0,2.5520616,17.855467,True,True,True,False,False,0,0
AOS,A. O. Smith,67.3,18.539946,0.0196,3.63,9758164992.0,809100032.0,2.5060778,5.091157,True,True,True,False,False,0,0
ABT,Abbott Laboratories,127.93,16.744764,0.0202,7.64,221889478656.0,10824999936.0,5.3834457,5.5757494,True,True,True,False,True,0,0
ABBV,AbbVie,183.9,64.3007,0.0373,2.86,324977033216.0,25629999104.0,5.8519626,53.88221,False,True,True,False,True,0,0
ACN,Accenture,384.95,32.294464,0.017,11.92,240778526720.0,11065912320.0,3.7101948,8.508687,False,True,True,False,False,0,0
AES,AES Corporation,11.0,7.6388884,0.0615,1.44,7821297152.0,3334000128.0,0.63670605,2.3773503,True,True,True,True,False,0,1
AFL,Aflac,107.38,15.955423,0.0214,6.73,59652595712.0,4779250176.0,3.4477284,2.4075692,True,True,True,True,True,1,0
APD,Air Products,335.26,19.469223,0.0214,17.22,74554785792.0,4296600064.0,6.1612473,4.380537,True,True,True,False,True,0,0
ARE,Alexandria Real Estate Equities,97.35,54.083332,0.051999997,1.8,16850505728.0,1905123968.0,5.461276,0.9204281,False,True,True,True,True,0,0
ALLE,Allegion,132.73,20.42,0.014400001,6.5,11538124800.0,888400000.0,3.098315,7.3441043,True,True,True,False,False,0,0
LNT,Alliant Energy,58.88,22.910507,0.0342,2.57,15108549632.0,1636999936.0,3.809518,2.168293,True,True,True,True,True,1,0
ALL,Allstate,192.33,12.432449,0.019,15.47,50929561600.0,6192999936.0,0.8157605,2.7001262,True,True,True,True,False,0,0
GOOGL,Alphabet Inc. (Class A),204.02,27.09429,0.004,7.53,2507303813120.0,123469996032.0,7.377482,7.965486,False,True,True,False,False,0,0
GOOG,Alphabet Inc. (Class C),205.6,27.267906,0.0039,7.54,2504763113472.0,123469996032.0,7.3700066,8.027174,False,True,True,False,False,0,0
AMCR,Amcor,9.72,18.339624,0.0523,0.53,14092055552.0,1904000000.0,1.0400041,3.5827498,True,True,True,False,True,0,1
AEE,Ameren,94.2,22.164705,0.028499998,4.25,25144616960.0,3264000000.0,3.5625699,2.124732,True,True,True,True,True,1,0
AEP,American Electric Power,98.36,19.830645,0.0379,4.96,52383092736.0,7258299904.0,2.6723068,1.967633,True,True,True,True,True,1,0
AIG,American International Group,73.66,14.644135,0.0212,5.03,45946826752.0,8501000192.0,1.0143012,1.0308154,True,True,True,True,True,1,0
AMT,American Tower,184.95,44.673912,0.0349,4.14,86425100288.0,6966099968.0,7.7388453,23.732836,False,True,True,False,True,0,0
AWK,American Water Works,124.64,24.681187,0.0247,5.05,24291588096.0,2408000000.0,5.380197,2.3443112,True,True,True,True,True,1,0
AME,Ametek,184.56,32.09739,0.006,5.75,42690203648.0,2138388992.0,6.1776185,4.470064,False,True,True,False,False,0,0
AMGN,Amgen,285.42,36.220814,0.0335,7.88,153422675968.0,12247000064.0,4.7157645,20.38132,False,True,True,False,True,0,0
APH,Amphenol,70.78,36.864582,0.0091,1.92,85333073920.0,3586299904.0,5.9956913,9.025759,False,True,True,False,False,0,0
ADI,Analog Devices,211.89,64.798164,0.0165,3.27,105128370176.0,4361349120.0,10.837489,2.9895453,False,True,True,True,False,0,0
AON,Aon,370.82,31.72113,0.0073,11.69,80195756032.0,4295000064.0,5.37289,12.857391,False,True,True,False,False,0,0
APA,APA Corporation,21.93,3.115057,0.0435,7.04,8112937984.0,5047000064.0,0.9059674,1.5862569,True,True,True,True,True,1,1
AAPL,Apple Inc.,236.0,37.76,0.0042,6.25,3572851277824.0,134660997120.0,9.1369095,62.649323,False,True,True,False,False,0,0
AMAT,Applied Materials,180.35,21.093567,0.0086,8.55,147683934208.0,8204000256.0,5.499513,7.8917427,True,True,True,False,False,0,0
ADM,Archer Daniels Midland,51.23,14.39045,0.0379,3.56,24515297280.0,3988000000.0,0.27617267,1.0890499,True,True,True,True,True,1,1
AJG,Arthur J. Gallagher & Co.,301.82,46.505394,0.0087,6.49,75395547136.0,3382200064.0,7.067648,5.4349666,False,True,True,False,False,0,0
AIZ,Assurant,215.19,15.381701,0.0146,13.99,11036535808.0,1241900032.0,0.93881625,2.1037042,True,True,True,True,False,0,0
T,AT&T,23.73,16.142857,0.048899997,1.47,172367593472.0,42773000192.0,1.4121547,1.6633955,True,True,True,True,True,1,1
ATO,Atmos Energy,142.51,20.8653,0.023699999,6.83,22180255744.0,1991972992.0,5.416576,1.8157609,True,True,True,True,True,1,0
ADP,Automatic Data Processing,303.01,31.629438,0.020599999,9.58,123285987328.0,5733100032.0,6.3149424,27.192858,False,True,True,False,True,0,0
AVB,AvalonBay Communities,221.51,30.260927,0.0309,7.32,31506915328.0,1808050944.0,10.767874,2.6475194,False,True,True,True,True,0,0
AVY,Avery Dennison,185.73,21.29931,0.0182,8.72,14922736640.0,1416300032.0,1.7191103,6.240927,True,True,True,False,False,0,0
BKR,Baker Hughes,46.18,15.496644,0.020599999,2.98,45696311296.0,4336999936.0,1.6738576,2.8213587,True,True,True,True,True,1,0
BALL,Ball Corporation,55.7,23.208332,0.0143,2.4,16622327808.0,2092999936.0,1.2058272,2.5007856,True,True,True,True,False,0,0
BAX,Baxter International,32.56,130.24,0.020499999,0.25,16624745472.0,2744000000.0,1.1037542,2.1114066,False,True,True,True,True,0,0
BDX,Becton Dickinson,247.6,42.25256,0.0175,5.86,71805984768.0,5109000192.0,3.6214435,2.7674081,False,True,True,True,False,0,0
BBY,Best Buy,85.86,14.702055,0.0404,5.84,18356525056.0,2673999872.0,0.43154255,6.0575705,True,True,True,False,True,0,0
TECH,Bio-Techne,73.55,77.42106,0.0044,0.95,11686507520.0,308515008.0,9.974972,5.463933,False,True,True,False,False,0,0
BLK,BlackRock,1075.5,25.607143,0.0212,42.0,166572376064.0,7673999872.0,8.603501,3.8642988,False,True,True,False,True,0,0
BWA,BorgWarner,31.9,7.8960395,0.0134000005,4.04,6976529920.0,1882000000.0,0.49237984,1.1332954,True,True,True,True,False,0,0
AVGO,Broadcom,221.27,171.52715,0.0117,1.29,1037172146176.0,22958000128.0,22.154697,3.7363436,False,True,True,False,False,0,0
BR,Broadridge Financial Solutions,238.22,41.143353,0.0147,5.79,27845298176.0,1545799936.0,4.284815,12.822003,False,True,True,False,False,0,0
BRO,Brown & Brown,104.66,30.248556,0.0057,3.46,29928366080.0,1528300032.0,6.5651097,4.630769,False,True,True,False,False,0,0
BG,Bunge Global,76.13,9.648923,0.035,7.89,10629804032.0,2486000128.0,0.19503513,1.0488104,True,True,True,True,True,1,1
BXP,"BXP, Inc.",73.14,31.800001,0.053600002,2.3,12904675328.0,1870726016.0,3.8590477,2.006309,False,True,True,True,True,0,0
CHRW,C.H. Robinson,99.49,25.774612,0.023,3.86,11760215040.0,673996992.0,0.66209275,7.163223,False,True,True,False,True,0,0
CPT,Camden Property Trust,113.71,35.870663,0.0364,3.17,12130696192.0,893276992.0,7.793328,2.7759874,False,True,True,True,True,0,0
CPB,Campbell Soup Company,38.77,21.185793,0.0325,1.83,11557685248.0,1783000064.0,1.1994277,3.0450833,True,True,True,False,True,0,0
CARR,Carrier Global,65.38,38.686386,0.0136,1.69,59190083584.0,3318000128.0,2.3866007,3.9948673,False,True,True,False,False,0,0
CAT,Caterpillar Inc.,371.44,16.845352,0.0143,22.05,179331973120.0,15818999808.0,2.7310545,9.245321,True,True,True,False,False,0,0
CBOE,Cboe Global Markets,204.33,27.875853,0.012200001,7.33,21390489600.0,1290400000.0,5.4076476,5.0824566,False,True,True,False,False,0,0
CDW,CDW,199.14,24.31502,0.0126,8.19,26538192896.0,1996300032.0,1.2739638,11.291037,True,True,True,False,False,0,0
CE,Celanese,71.04,7.0756974,0.0388,10.04,7765524480.0,1851000064.0,0.7410559,1.0671314,True,True,True,True,True,1,1
COR,Cencora,254.21,33.804523,0.0085,7.52,49280135168.0,4303009792.0,0.1676431,63.42565,False,True,True,False,False,0,0
CNP,CenterPoint Energy,32.57,21.713333,0.026800001,1.5,21226747904.0,3081999872.0,2.4788916,2.0148468,True,True,True,True,True,1,0
CF,CF Industries,92.21,14.613312,0.0217,6.31,16046384128.0,2651000064.0,2.6819963,3.0948145,True,True,True,False,True,0,0
CVX,Chevron Corporation,149.19,17.187788,0.0417,8.68,278706323456.0,38942998528.0,1.4539505,1.7164257,True,True,True,True,True,1,0
CB,Chubb Limited,271.88,12.083556,0.0134000005,22.5,108943409152.0,11363000320.0,1.991762,1.6663909,True,True,True,True,False,0,0
CHD,Church & Dwight,105.52,47.318382,0.0106,2.23,25852188672.0,1330099968.0,4.2709007,6.1628313,False,True,True,False,False,0,0
CI,Cigna,294.21,24.294798,0.0185,12.11,80551460864.0,8554999808.0,0.35060942,1.9534818,True,True,True,True,False,0,0
CINF,Cincinnati Financial,137.05,7.039035,0.0233,19.47,21422972928.0,4062000128.0,1.7624824,1.5517964,True,True,True,True,True,1,0
CTAS,Cintas,200.57,48.446865,0.0076,4.14,80938819584.0,2450383872.0,8.296421,18.820496,False,True,True,False,False,0,0
CSCO,Cisco,60.6,26.008583,0.026500002,2.33,241355243520.0,13752000512.0,4.5559354,5.340148,False,True,True,False,True,0,0
CLX,Clorox,158.68,55.2892,0.0304,2.87,19641567232.0,1371000064.0,2.6297452,327.17523,False,True,True,False,True,0,0
CME,CME Group,236.52,24.870663,0.044099998,9.51,85232820224.0,4209900032.0,14.124489,3.013992,True,True,True,False,True,0,0
CMS,CMS Energy,66.0,18.857143,0.0311,3.5,19719809024.0,2739000064.0,2.6377487,2.5003788,True,True,True,True,True,1,0
KO,Coca-Cola Company (The),63.48,26.560669,0.030299999,2.39,275914555392.0,14830999552.0,5.950795,10.316918,False,True,True,False,True,0,0
CTSH,Cognizant,82.61,18.276548,0.0145000005,4.52,40960020480.0,3470000128.0,2.110036,2.8352268,True,True,True,True,False,0,0
CL,Colgate-Palmolive,86.7,24.913792,0.022,3.48,70834855936.0,4894000128.0,3.5230706,162.96992,True,True,True,False,True,0,0
CMCSA,Comcast,33.66,8.033413,0.0332,4.19,128483590144.0,37285998592.0,1.0439879,1.5046937,True,True,True,True,True,1,1
CAG,Conagra Brands,25.89,25.135923,0.0512,1.03,12357814272.0,2239500032.0,1.0348368,1.4667724,False,True,True,True,True,0,1
COP,ConocoPhillips,98.83,11.723606,0.0308,8.43,127842541568.0,24445999104.0,2.245846,2.2803416,True,True,True,True,True,1,0
ED,Consolidated Edison,93.74,17.6203,0.036199998,5.32,32476971008.0,5555999744.0,2.160666,1.481142,True,True,True,True,True,1,0
STZ,Constellation Brands,180.8,49.264305,0.0184,3.67,33316921344.0,3887300096.0,3.2693136,3.3938394,False,True,True,False,False,0,0
CEG,Constellation Energy,299.98,34.01134,0.0046,8.82,96526368768.0,5997000192.0,4.0249505,7.4696217,False,True,True,False,False,0,0
COO,Cooper Companies (The),96.55,49.260204,0.0002,1.96,19269740544.0,1023000000.0,5.065519,2.4256356,False,True,True,True,False,0,0
GLW,Corning Inc.,52.08,89.793106,0.0219,0.58,44539285504.0,2607000064.0,3.5317805,3.8181818,False,True,True,False,True,0,0
CTVA,Corteva,65.27,68.70526,0.010299999,0.95,45464403968.0,3014000128.0,2.7327285,1.8184096,False,True,True,True,False,0,0
COST,Costco,979.88,57.53846,0.0047,17.03,434967773184.0,11521999872.0,1.7094228,18.381481,False,True,True,False,False,0,0
CTRA,Coterra,27.72,16.8,0.0296,1.65,20414255104.0,3448999936.0,3.7123578,1.5653058,True,True,True,True,True,1,0
CCI,Crown Castle,89.28,31.659575,0.070300005,2.82,38800912384.0,3993999872.0,5.885168,7.3330593,False,True,True,False,False,0,0
CSX,CSX Corporation,32.87,18.363129,0.0143,1.79,63387160576.0,7191000064.0,4.317632,4.902312,True,True,True,False,False,0,0
CMI,Cummins,356.25,23.299541,0.0202,15.29,48871088128.0,4582000128.0,1.4290627,4.737871,True,True,True,False,True,0,0
CVS,CVS Health,56.48,14.335025,0.0468,3.94,71074996224.0,14115000320.0,0.19353512,0.94806457,True,True,True,True,True,1,1
DHI,D. R. Horton,141.9,10.042462,0.0108,14.13,45525630976.0,6202899968.0,1.2370625,1.8164593,True,True,True,True,False,0,0
DHR,Danaher Corporation,222.74,42.10586,0.0047999998,5.29,160172343296.0,7511000064.0,6.7463713,3.13577,False,True,True,False,False,0,0
DRI,Darden Restaurants,195.24,22.313143,0.035,8.75,22871781376.0,1789500032.0,2.0034146,10.348776,True,True,True,False,True,0,0
DE,Deere & Company,476.56,18.593836,0.0145000005,25.63,129791598592.0,14364000256.0,2.319571,5.653747,True,True,True,False,False,0,0
DAL,Delta Air Lines,67.27,12.621013,0.0098,5.33,43408052224.0,8415000064.0,0.7197846,3.1604414,True,True,True,False,False,0,0
DVN,Devon Energy,34.1,6.3148146,0.0414,5.4,22400288768.0,7622000128.0,1.5417639,1.5715734,True,True,True,True,True,1,1
FANG,Diamondback Energy,164.36,9.484132,0.048600003,17.33,47991312384.0,6817999872.0,5.2409425,1.2855086,True,True,True,True,True,1,1
DLR,Digital Realty,163.86,133.21951,0.0297,1.23,55402541056.0,2337596928.0,10.307729,2.6466599,False,True,True,True,True,0,0
DG,Dollar General,71.06,11.726072,0.0297,6.06,15627940864.0,3025478912.0,0.39387932,2.3127744,True,True,True,True,True,1,0
D,Dominion Energy,55.59,20.512915,0.0478,2.71,46696157184.0,7032000000.0,3.199901,1.7834456,True,True,True,True,True,1,1
DOV,Dover Corporation,203.68,20.186321,0.0104,10.09,27943266304.0,1765938048.0,3.2973301,4.904052,True,True,True,False,False,0,0
DOW,Dow Inc.,39.05,24.87261,0.0682,1.57,27476086784.0,4851999744.0,0.6363151,1.4930223,True,True,True,True,False,0,1
DTE,DTE Energy,119.88,16.265944,0.0365,7.37,24827267072.0,3448000000.0,1.9997799,2.141747,True,True,True,True,True,1,0
DUK,Duke Energy,111.99,20.105923,0.0372,5.57,86510256128.0,14106000384.0,2.9078102,1.7952006,True,True,True,True,True,1,0
DD,DuPont,76.8,60.000004,0.0198,1.28,32098945024.0,2977999872.0,2.6327875,1.325555,False,True,True,True,False,0,0
EMN,Eastman Chemical Company,99.65,12.992177,0.0358,7.67,11550730240.0,1684000000.0,1.2361655,2.0420082,True,True,True,True,True,1,1
ETN,Eaton Corporation,326.44,34.76464,0.0115,9.39,129009090560.0,5449999872.0,5.2432065,6.7483926,False,True,True,False,False,0,0
EBAY,eBay,67.48,16.997482,0.016,3.97,32342085632.0,2619000064.0,3.1504076,6.00089,True,True,True,False,False,0,0
ECL,Ecolab,250.19,35.139046,0.010299999,7.12,70844301312.0,3538599936.0,4.5196877,10.665444,False,True,True,False,False,0,0
EIX,Edison International,54.0,15.789474,0.0612,3.42,20906100736.0,6444000256.0,1.20698,1.4913831,True,True,True,True,False,0,1
EA,Electronic Arts,122.91,31.515385,0.0064,3.9,32235974656.0,1890000000.0,4.350921,4.3660975,False,True,True,False,False,0,0
ELV,Elevance Health,395.7,15.408878,0.0167,25.68,91771936768.0,11347999744.0,0.52737945,2.0965016,True,True,True,True,False,0,0
EMR,Emerson Electric,129.95,46.081562,0.0162,2.82,74010550272.0,4614000128.0,4.231108,3.4246936,False,True,True,False,False,0,0
ETR,Entergy,81.08,19.679613,0.0296,4.12,34768400384.0,4596974080.0,2.9310362,1.1564189,True,True,True,True,True,1,0
EOG,EOG Resources,125.79,10.152542,0.0301,12.39,70750584832.0,13168000000.0,2.9647412,2.4019935,True,True,True,True,True,1,0
EQT,EQT Corporation,51.12,68.159996,0.012200001,0.75,30502488064.0,2601137920.0,6.597917,1.4989883,False,True,True,True,False,0,0
EFX,Equifax,274.78,60.926826,0.0056,4.51,34059530240.0,1697699968.0,6.094902,6.935211,False,True,True,False,False,0,0
EQIX,Equinix,913.66,82.534775,0.0185,11.07,88157405184.0,3352907008.0,10.493067,6.487864,False,True,True,False,False,0,0
EQR,Equity Residential,70.63,29.801687,0.0387,2.37,27622897664.0,1796182016.0,9.392895,2.4725196,False,True,True,True,True,0,0
ERIE,Erie Indemnity,402.95,37.658882,0.0137,10.7,21070215168.0,710918720.0,5.71211,10.816579,False,True,True,False,False,0,0
ESS,Essex Property Trust,284.57,33.283043,0.0349,8.55,18952333312.0,1109452032.0,10.814825,3.3657007,False,True,True,False,True,0,0
EL,Est√©e Lauder Companies (The),83.43,148.98215,0.0164,0.56,29949534208.0,2438000128.0,1.9383557,5.891117,False,True,True,False,False,0,0
EVRG,Evergy,64.17,17.343243,0.0416,3.7,14775976960.0,2564199936.0,2.5573707,1.4720253,True,True,True,True,True,1,1
EXC,Exelon,40.0,16.460905,0.038,2.43,40193200128.0,7148000256.0,1.7533242,1.5097759,True,True,True,True,True,1,1
EXPD,Expeditors International,113.58,22.14035,0.0128,5.13,15898474496.0,1006916992.0,1.602091,6.7458577,True,True,True,False,False,0,0
EXR,Extra Space Storage,154.0,41.17647,0.0419,3.74,33966393344.0,2260791040.0,10.257874,2.33005,False,True,True,True,True,0,0
XOM,ExxonMobil,106.83,13.643679,0.0361,7.83,481570422784.0,71537999872.0,1.400655,1.7481018,True,True,True,True,True,1,0
FDS,FactSet,474.41,33.959198,0.0088,13.97,18041812992.0,831163008.0,8.189447,9.414578,False,True,True,False,False,0,0
FAST,Fastenal,73.24,36.62,0.0209,2.0,41989955584.0,1693200000.0,5.6135554,11.664278,False,True,True,False,True,0,0
FRT,Federal Realty Investment Trust,108.63,31.578487,0.040599998,3.44,9297924096.0,739025984.0,7.8462167,3.126493,False,True,True,False,True,0,0
FDX,FedEx,264.87,16.903,0.02,15.67,63794204672.0,10885000192.0,0.72831917,2.3460376,True,True,True,True,True,1,0
FIS,Fidelity National Information Services,81.47,83.98969,0.0175,0.97,43859701760.0,3571000064.0,4.372416,2.669922,False,True,True,True,False,0,0
FE,FirstEnergy,39.8,25.67742,0.0428,1.55,22937415680.0,3924000000.0,1.7302116,1.8457543,False,True,True,True,True,0,0
FMC,FMC Corporation,55.78,4.575882,0.041100003,12.19,6963352064.0,703299968.0,1.67071,1.5112026,True,True,True,True,True,1,1
F,Ford Motor Company,10.08,11.454545,0.0591,0.88,40060841984.0,9360000000.0,0.21921957,0.9040359,True,True,True,True,True,1,1
FTV,Fortive,81.33,32.532,0.0039,2.5,28217362432.0,1698499968.0,4.5547137,2.6730428,False,True,True,True,False,0,0
FOXA,Fox Corporation (Class A),51.18,12.513447,0.0106,4.09,22749509632.0,3025999872.0,1.5867691,2.0780382,True,True,True,True,False,0,0
FOX,Fox Corporation (Class B),48.6,11.88264,0.0112,4.09,22786205696.0,3025999872.0,1.5893286,1.9732835,True,True,True,True,False,0,0
BEN,Franklin Resources,22.24,26.164705,0.0635,0.85,11653382144.0,1688400000.0,1.3745438,0.9309724,False,True,True,True,False,0,1
FCX,Freeport-McMoRan,35.85,28.228346,0.0153,1.27,52648947712.0,9900000256.0,2.0533912,2.935637,False,True,True,True,False,0,0
GRMN,Garmin,215.85,27.392132,0.0138,7.88,41448595456.0,1596897024.0,6.958148,5.524841,False,True,True,False,False,0,0
GE,GE Aerospace,203.57,33.48191,0.0058999998,6.08,218571079680.0,8935000064.0,3.1245418,11.673262,False,True,True,False,False,0,0
GEHC,GE HealthCare,88.3,24.19178,0.0016,3.65,40341884928.0,3571000064.0,2.062574,4.850316,True,True,True,False,False,0,0
GEV,GE Vernova,372.88,66.70483,0.0023999999,5.59,102785867776.0,1396999936.0,2.9860516,10.805298,False,True,True,False,False,0,0
GEN,Gen Digital,26.91,27.742268,0.0179,0.97,17188493312.0,1808999936.0,4.449519,7.6318774,False,True,True,False,False,0,0
GD,General Dynamics,256.98,18.867842,0.0216,13.62,69472231424.0,5402999808.0,1.5087571,3.0709114,True,True,True,False,True,0,0
GIS,General Mills,60.14,13.073914,0.0364,4.6,33151031296.0,4214599936.0,1.6742437,3.5782712,True,True,True,False,True,0,0
GM,General Motors,49.46,7.764521,0.0087,6.37,49252614144.0,18371000320.0,0.26955387,0.76698816,True,True,True,True,False,0,0
GPC,Genuine Parts Company,116.25,14.98067,0.0339,7.76,16162934784.0,2055010944.0,0.6936203,3.4425063,True,True,True,False,True,0,0
GILD,Gilead Sciences,97.2,1079.9999,0.0318,0.09,121137438720.0,13948999680.0,4.2806263,6.555608,False,True,True,False,True,0,0
GPN,Global Payments,112.85,21.292452,0.0089,5.3,28719761408.0,4356144128.0,2.8650084,1.2585455,True,True,True,True,False,0,0
GL,Globe Life,122.09,10.34661,0.0078,11.8,10248857600.0,1495667968.0,1.7894174,2.2181644,True,True,True,True,False,0,0
HAL,Halliburton,26.02,9.194346,0.023,2.83,22858622976.0,5112000000.0,0.99070877,2.2188113,True,True,True,True,True,1,0
HIG,Hartford (The),111.55,10.777778,0.0182,10.35,32337342464.0,4254000128.0,1.2397387,1.9455831,True,True,True,True,False,0,0
DOC,Healthpeak Properties,20.66,42.163265,0.0585,0.49,14450492416.0,1400305024.0,5.6533074,1.6874949,False,True,True,True,True,0,0
HSY,Hershey Company (The),149.25,17.155172,0.036,8.7,30201485312.0,2952748032.0,2.7526376,7.182041,True,True,True,False,True,0,0
HES,Hess Corporation,139.03,15.482183,0.0138,8.98,42837647360.0,6984999936.0,3.437186,3.9456806,True,True,True,False,False,0,0
HPE,Hewlett Packard Enterprise,21.19,10.979275,0.024,1.93,27871844352.0,4909000192.0,0.9604357,1.2461774,True,True,True,True,True,1,0
HD,Home Depot (The),411.98,28.159946,0.0217,14.63,411748892672.0,24757999616.0,2.6633863,70.5566,False,True,True,False,True,0,0
HON,Honeywell,223.72,25.83372,0.0202,8.66,145694507008.0,9164000256.0,3.8492603,8.35774,False,True,True,False,True,0,0
HRL,Hormel Foods,29.98,20.394558,0.0365,1.47,16459409408.0,1353831040.0,1.3738172,2.0896354,True,True,True,True,True,1,0
HST,Host Hotels & Resorts,16.71,16.2233,0.0481,1.03,11839519744.0,1515000064.0,2.117982,1.7402623,True,True,True,True,True,1,1
HWM,Howmet Aerospace,126.58,48.684616,0.0031,2.6,51424518144.0,1772000000.0,7.0735235,11.58627,False,True,True,False,False,0,0
HUBB,Hubbell Incorporated,423.01,30.410498,0.0124,13.91,22703159296.0,1266200064.0,4.025383,7.061701,False,True,True,False,False,0,0
HUM,Humana,293.23,25.587261,0.0119,11.46,35308118016.0,3779000064.0,0.3070004,2.0101457,False,True,True,True,False,0,0
HII,Huntington Ingalls Industries,197.26,11.150932,0.0276,17.69,7718645248.0,1071000000.0,0.6592625,1.8364458,True,True,True,True,True,1,0
IBM,IBM,255.7,40.14129,0.0292,6.37,238808203264.0,14675999744.0,3.8160467,9.670953,False,True,True,False,True,0,0
IEX,IDEX Corporation,224.31,34.776745,0.0123000005,6.45,16985492480.0,862700032.0,5.3166056,4.458114,False,True,True,False,False,0,0
ITW,Illinois Tool Works,259.16,22.438095,0.0231,11.55,76529950720.0,4652000256.0,4.798417,22.569016,True,True,True,False,True,0,0
IR,Ingersoll Rand,93.8,45.980396,0.00090000004,2.04,37887229952.0,1901100032.0,5.293139,3.6849344,False,True,True,False,False,0,0
ICE,Intercontinental Exchange,159.83,37.96437,0.0113,4.21,91770716160.0,5558000128.0,10.021919,3.3688138,False,True,True,False,False,0,0
IP,International Paper,55.63,35.43312,0.0319,1.57,19326308352.0,1955000064.0,1.0368192,2.239623,False,True,True,True,True,0,0
IPG,Interpublic Group of Companies (The),28.67,13.523585,0.046,2.12,10680005632.0,1732099968.0,1.1436042,2.8664267,True,True,True,True,True,1,1
INTU,Intuit,601.51,58.51265,0.0061000003,10.28,168372879360.0,4496000000.0,10.339139,9.144269,False,True,True,False,False,0,0
IVZ,Invesco,19.23,16.29661,0.0462,1.18,8615040000.0,1053000000.0,1.4633013,0.8044342,True,True,True,True,True,1,1
INVH,Invitation Homes,31.15,43.263885,0.0374,0.72,19082676224.0,1407630976.0,7.470035,1.9243838,False,True,True,True,True,0,0
JBHT,J.B. Hunt,171.22,30.794964,0.0092,5.56,17217028096.0,1577556992.0,1.4060966,4.3157816,False,True,True,False,False,0,0
SJM,J.M. Smucker Company (The),106.89,21.59394,0.038,4.95,11374806016.0,1977900032.0,1.3384329,1.475342,True,True,True,True,True,1,0
JBL,Jabil,162.41,15.336166,0.0022,10.59,17789579264.0,2143000064.0,0.6159187,10.635191,True,True,True,False,False,0,0
JKHY,Jack Henry & Associates,174.09,31.826326,0.0126,5.47,12701484032.0,571171968.0,5.657281,6.598067,False,True,True,False,False,0,0
J,Jacobs Solutions,140.13,29.19375,0.0083,4.8,17378502656.0,1476304000.0,1.0253645,2.6314507,False,True,True,True,False,0,0
JNJ,Johnson & Johnson,152.15,26.36915,0.0335,5.77,368053878784.0,30051999744.0,4.196929,5.2206287,False,True,True,False,True,0,0
JCI,Johnson Controls,78.0,37.5,0.0189,2.08,51490840576.0,3232000000.0,2.2434142,3.22354,False,True,True,False,False,0,0
JNPR,Juniper Networks,34.86,45.868423,0.0256,0.76,11541762048.0,498500000.0,2.292625,2.4844987,False,True,True,True,True,0,0
K,Kellanova,81.73,27.33445,0.0278,2.99,28172167168.0,2032000000.0,2.2011225,7.7183876,False,True,True,False,True,0,0
KVUE,Kenvue,21.29,38.70909,0.0378,0.55,40818466816.0,3454000128.0,2.6404338,3.8325834,False,True,True,False,True,0,0
KDP,Keurig Dr Pepper,32.1,19.337349,0.028499998,1.66,43542044672.0,4230000128.0,2.8744419,1.7438068,True,True,True,True,True,1,0
KMB,Kimberly-Clark,129.97,17.21457,0.037100002,7.55,43124047872.0,3897999872.0,2.1454751,33.73216,True,True,True,False,True,0,0
KIM,Kimco Realty,22.45,41.574074,0.044099998,0.54,15133119488.0,1195842048.0,7.708316,1.4380885,False,True,True,True,True,0,0
KMI,Kinder Morgan,27.48,23.48718,0.0374,1.17,61050662912.0,6568999936.0,4.029481,2.0078912,True,True,True,True,True,1,0
KLAC,KLA Corporation,738.24,31.070705,0.0092,23.76,98746982400.0,4249192960.0,9.627435,29.462427,False,True,True,False,False,0,0
KHC,Kraft Heinz,29.84,26.882883,0.0529,1.11,36081635328.0,6446000128.0,1.3808509,0.74648523,False,True,True,True,True,0,1
KR,Kroger,61.64,16.306879,0.0214,3.78,44603072512.0,8067999744.0,0.29695392,4.9959474,True,True,True,False,True,0,0
LHX,L3Harris,212.01,26.939009,0.0219,7.87,40211513344.0,3705999872.0,1.901973,2.1152773,False,True,True,True,True,0,0
LH,LabCorp,249.8,47.310604,0.0114,5.28,20893095936.0,1673500032.0,1.6434692,2.5590854,False,True,True,True,False,0,0
LRCX,Lam Research,81.05,24.63526,0.012200001,3.29,104146010112.0,4920197120.0,6.6797514,12.374046,True,True,True,False,False,0,0
LW,Lamb Weston,59.94,23.598425,0.0184,2.54,8549900800.0,1294400000.0,1.324252,4.816779,True,True,True,False,False,0,0
LVS,Las Vegas Sands,45.83,23.382654,0.0184,1.96,33227941888.0,3863000064.0,2.9361086,9.697419,True,True,True,False,False,0,0
LDOS,Leidos,142.03,16.158134,0.0113,8.79,18951489536.0,2056999936.0,1.1643109,4.104439,True,True,True,False,False,0,0
LEN,Lennar,131.24,9.171209,0.0137,14.31,34666786816.0,5534482944.0,0.95074534,1.2986089,True,True,True,True,False,0,0
LLY,Lilly (Eli),811.08,87.212906,0.0073,9.3,729417187328.0,16566500352.0,17.850178,51.253082,False,True,True,False,False,0,0
LIN,Linde plc,446.12,33.873955,0.0125,13.17,212423606272.0,12581000192.0,6.432206,5.422699,False,True,True,False,False,0,0
LKQ,LKQ Corporation,37.39,13.797048,0.031400003,2.71,9719904256.0,1732000000.0,0.67038447,1.5665982,True,True,True,True,True,1,0
LMT,Lockheed Martin,462.95,20.769403,0.026199998,22.29,108971950080.0,10225999872.0,1.5284655,15.174709,True,True,True,False,True,0,0
L,Loews Corporation,85.45,11.363031,0.0029,7.52,18506504192.0,3233999872.0,1.0745851,1.0778118,True,True,True,True,False,0,0
LYB,LyondellBasell,75.7,11.487101,0.0704,6.59,24584103936.0,4421000192.0,0.6035279,1.7923098,True,True,True,True,False,0,1
MPC,Marathon Petroleum,145.71,11.29535,0.024300002,12.9,46829592576.0,10341000192.0,0.32823712,2.5012445,True,True,True,True,True,1,0
MKTX,MarketAxess,220.63,29.895664,0.0136,7.38,8318722048.0,412735008.0,10.245476,6.0040274,False,True,True,False,False,0,0
MMC,Marsh McLennan,216.88,26.5459,0.0149,8.17,106514538496.0,7246000128.0,4.4482994,7.7801695,False,True,True,False,False,0,0
MLM,Martin Marietta Materials,544.12,16.882408,0.0058,32.23,33255579648.0,1945500032.0,5.105874,3.6269588,True,True,True,False,False,0,0
MA,Mastercard,555.43,40.810432,0.0055,13.61,517369167872.0,16784000000.0,19.002762,68.68183,False,True,True,False,False,0,0
MKC,McCormick & Company,77.23,26.448631,0.024600001,2.92,20692699136.0,1270200064.0,3.0984054,3.8227,False,True,True,False,True,0,0
MDT,Medtronic,90.82,27.7737,0.032,3.27,116457578496.0,9013000192.0,3.5748405,2.3717747,False,True,True,True,True,0,0
MRK,Merck & Co.,98.82,20.67364,0.0327,4.78,249979011072.0,22927998976.0,3.956992,5.6224394,True,True,True,False,True,0,0
META,Meta Platforms,689.18,28.823923,0.003,23.91,1740620562432.0,79208996864.0,11.141612,10.5725155,False,True,True,False,False,0,0
MET,MetLife,86.51,17.547668,0.0251,4.93,59901251584.0,7036000256.0,0.83961165,1.9429533,True,True,True,True,True,1,0
MCHP,Microchip Technology,54.3,37.708332,0.033,1.44,29159641088.0,1950800000.0,5.3050323,4.646188,False,True,True,False,True,0,0
MU,Micron Technology,91.24,26.523254,0.0044,3.44,103061061632.0,8944000000.0,4.10422,2.2420444,False,True,True,True,False,0,0
MSFT,Microsoft,415.06,33.44561,0.0075,12.41,3085547601920.0,136551997440.0,12.138745,11.492731,False,True,True,False,False,0,0
MAA,Mid-America Apartment Communities,152.58,34.44244,0.0399,4.43,18302885888.0,1247618048.0,8.38263,2.997937,False,True,True,True,True,0,0
TAP,Molson Coors Beverage Company,54.75,12.331081,0.0319,4.44,11286548480.0,2418400000.0,0.96613216,0.8471823,True,True,True,True,True,1,1
MDLZ,Mondelez International,57.99,20.563831,0.0322,2.82,77543653376.0,7414000128.0,2.1449933,2.7839656,True,True,True,True,True,1,0
MPWR,Monolithic Power Systems,637.37,72.0192,0.007900001,8.85,31090909184.0,522235008.0,15.244774,13.2204275,False,True,True,False,False,0,0
MCO,Moody's Corporation,499.44,45.69442,0.0068,10.93,90514014208.0,3313999872.0,13.125582,23.179096,False,True,True,False,False,0,0
MOS,Mosaic Company (The),27.89,24.681416,0.0308,1.13,8859118592.0,1908199936.0,0.7732899,0.7507605,True,True,True,True,True,1,0
MSI,Motorola Solutions,469.25,51.45285,0.0092,9.12,78421524480.0,3152000000.0,7.3600683,59.0623,False,True,True,False,False,0,0
NDAQ,"Nasdaq, Inc.",82.34,42.66321,0.0117999995,1.93,47325573120.0,2512000000.0,6.7444167,4.274294,False,True,True,False,False,0,0
NTAP,NetApp,122.1,22.527676,0.0164,5.42,24823662592.0,1582000000.0,3.8926866,21.948587,True,True,True,False,False,0,0
NWSA,News Corp (Class A),28.12,45.35484,0.0070999996,0.62,16623195136.0,1270000000.0,1.6356583,1.9395779,False,True,True,True,False,0,0
NWS,News Corp (Class B),31.65,51.048386,0.0063,0.62,16625808384.0,1270000000.0,1.6359154,2.1830597,False,True,True,True,False,0,0
NEE,NextEra Energy,71.56,21.23442,0.0298,3.37,147155976192.0,14577999872.0,5.6067963,2.9401371,True,True,True,True,True,1,0
NKE,"Nike, Inc.",76.9,24.18239,0.0208,3.18,115859849216.0,7200999936.0,2.316641,8.0095825,True,True,True,False,True,0,0
NI,NiSource,37.3,22.743902,0.0297,1.64,17410856960.0,2324999936.0,3.291713,2.086013,True,True,True,True,True,1,0
NDSN,Nordson Corporation,220.22,27.12069,0.0125,8.12,12571875328.0,818784000.0,4.71784,4.412607,False,True,True,False,False,0,0
NSC,Norfolk Southern Railway,255.3,22.065687,0.0214,11.57,57779748864.0,5888000000.0,4.7469397,4.1899853,True,True,True,False,True,0,0
NOC,Northrop Grumman,487.27,17.199787,0.0171,28.33,70630760448.0,4457999872.0,1.7233319,4.8176346,True,True,True,False,False,0,0
NRG,NRG Energy,102.44,25.356436,0.0168,4.04,20750862336.0,2192999936.0,0.7379921,11.226301,False,True,True,False,False,0,0
NUE,Nucor,128.43,15.198816,0.018,8.45,30157031424.0,4940151808.0,0.96154976,1.4730237,True,True,True,True,False,0,0
NVDA,Nvidia,120.07,49.209015,0.00029999999,2.44,3052683657216.0,61184000000.0,31.697422,68.84748,False,True,True,False,False,0,0
NXPI,NXP Semiconductors,208.55,19.937859,0.019199999,10.46,53004234752.0,4640000000.0,4.100908,5.631768,True,True,True,False,False,0,0
OXY,Occidental Petroleum,46.65,12.780822,0.018,3.65,43773702144.0,12931000320.0,1.6130635,1.6586077,True,True,True,True,False,0,0
ODFL,Old Dominion,185.61,32.449303,0.0056,5.72,39627362304.0,1971409024.0,6.6886916,9.502868,False,True,True,False,False,0,0
OMC,Omnicom Group,86.79,11.856557,0.0324,7.32,17052585984.0,2420600064.0,1.1053154,4.285291,True,True,True,False,True,0,0
OKE,ONEOK,97.17,20.586864,0.041300002,4.72,56645545984.0,5612000256.0,2.8417974,3.3613532,True,True,True,False,True,0,0
ORCL,Oracle Corporation,170.06,41.57946,0.0083,4.09,475651014656.0,21802999808.0,8.838633,53.833492,False,True,True,False,False,0,0
PCAR,Paccar,110.88,14.035442,0.012,7.9,58145472512.0,5908100096.0,1.6692687,3.1146069,True,True,True,False,False,0,0
PKG,Packaging Corporation of America,212.66,23.81411,0.021,8.93,19097909248.0,1624999936.0,2.3361073,4.4477444,True,True,True,False,True,0,0
PH,Parker Hannifin,707.05,29.204874,0.0098,24.21,91011473408.0,4962157056.0,4.553738,7.5323052,False,True,True,False,False,0,0
PAYX,Paychex,147.67,31.08842,0.028900001,4.75,53170503680.0,2358799872.0,10.011769,13.990525,False,True,True,False,True,0,0
PAYC,Paycom,207.56,24.977135,0.0073,8.31,11968324608.0,667798016.0,6.561862,7.711112,True,True,True,False,False,0,0
PNR,Pentair,103.68,25.92,0.0097,4.0,17131151360.0,978700032.0,4.1839423,4.8963404,False,True,True,False,False,0,0
PEP,PepsiCo,150.69,22.424109,0.0357,6.72,208405790720.0,16913000448.0,2.267252,10.635941,True,True,True,False,True,0,0
PFE,Pfizer,26.52,35.36,0.0639,0.75,150288580608.0,18365999104.0,2.531176,1.6281925,False,True,True,True,False,0,1
PCG,PG&E Corporation,15.65,12.2265625,0.0064,1.28,34328428544.0,9317999616.0,1.3825941,1.2466146,True,True,True,True,False,0,0
PSX,Phillips 66,117.87,15.05364,0.0381,7.83,48679014400.0,5571999744.0,0.32949555,1.6948252,True,True,True,True,True,1,0
PNW,Pinnacle West,86.96,16.345863,0.041100003,5.32,9887351808.0,1978172032.0,1.969168,1.4934652,True,True,True,True,True,1,1
POOL,Pool Corporation,344.25,29.574741,0.0138,11.64,13100605440.0,679414976.0,2.4595037,9.151934,False,True,True,False,False,0,0
PPG,PPG Industries,115.38,18.285261,0.0222,6.31,26768158720.0,2870000128.0,1.4846455,3.4370997,True,True,True,False,True,0,0
PPL,PPL Corporation,33.6,30.27027,0.0308,1.11,24795791360.0,3276000000.0,2.9939377,1.7590702,False,True,True,True,True,0,0
PG,Procter & Gamble,165.99,26.431528,0.0249,6.28,389221646336.0,24039999488.0,4.6388373,7.9057918,False,True,True,False,True,0,0
PGR,Progressive Corporation,246.44,17.11389,0.0199,14.4,144367271936.0,10823199744.0,2.0062325,5.315446,True,True,True,False,False,0,0
PLD,Prologis,119.25,36.02719,0.0327,3.31,110446362624.0,5739131904.0,13.40497,2.0835154,False,True,True,True,True,0,0
PRU,Prudential Financial,120.76,10.75334,0.0427,11.23,42982227968.0,5557333504.0,0.58907205,1.4131414,True,True,True,True,True,1,1
PEG,Public Service Enterprise Group,83.54,20.525799,0.0286,4.07,41621716992.0,4044999936.0,3.9905767,2.5848572,True,True,True,True,True,1,0
PSA,Public Storage,298.48,30.994808,0.0403,9.63,52288626688.0,3353046016.0,11.128495,9.936417,False,True,True,False,True,0,0
PHM,PulteGroup,113.78,7.740136,0.0078,14.7,23334230016.0,3788722944.0,1.3473346,2.020672,True,True,True,True,False,0,0
QCOM,Qualcomm,172.93,19.235817,0.0198,8.99,191155077120.0,11959000064.0,4.906193,7.3256793,True,True,True,False,False,0,0
PWR,Quanta Services,307.61,56.85952,0.0013,5.41,45406924800.0,1868978048.0,1.9825476,6.4215183,False,True,True,False,False,0,0
DGX,Quest Diagnostics,163.1,21.23698,0.019299999,7.68,18041307136.0,1804999936.0,1.8913206,2.6827867,True,True,True,True,False,0,0
RL,Ralph Lauren Corporation,249.7,23.780952,0.0128,10.5,15505945600.0,1059800000.0,2.3005512,6.3490047,True,True,True,False,False,0,0
O,Realty Income,54.64,52.038097,0.0583,1.05,47821529088.0,4485658112.0,9.536263,1.2434572,False,True,True,True,True,0,0
REG,Regency Centers,71.84,33.88679,0.0392,2.12,13118127104.0,917937984.0,8.805218,1.987825,False,True,True,True,True,0,0
RSG,Republic Services,216.87,34.6992,0.0106,6.25,67913273344.0,4804800000.0,4.2935257,6.05106,False,True,True,False,False,0,0
RMD,ResMed,236.18,27.851416,0.0082,8.48,34670276608.0,1632185984.0,7.2117286,6.672882,False,True,True,False,False,0,0
RVTY,Revvity,126.13,60.349285,0.0022,2.09,15350273024.0,788105984.0,5.6402583,1.9439306,False,True,True,True,False,0,0
ROK,Rockwell Automation,278.43,33.586246,0.0188,8.29,31471777792.0,1613699968.0,3.808206,9.001649,False,True,True,False,False,0,0
ROL,"Rollins, Inc.",49.5,51.030926,0.013300001,0.97,24079620096.0,757598016.0,7.273436,18.191841,False,True,True,False,False,0,0
ROP,Roper Technologies,575.65,40.199024,0.0061000003,14.32,61726375936.0,2732699904.0,9.110097,3.3337774,False,True,True,False,False,0,0
ROST,Ross Stores,150.56,23.710236,0.010299999,6.35,49674108928.0,2983800064.0,2.3550117,10.359158,True,True,True,False,False,0,0
RCL,Royal Caribbean Group,266.6,24.258417,0.0093,10.99,71688740864.0,5641999872.0,4.465197,10.174796,True,True,True,False,False,0,0
RTX,RTX Corporation,128.95,36.323944,0.0202,3.55,171675009024.0,12570999808.0,2.1719465,2.8084502,False,True,True,True,True,0,0
SPGI,S&P Global,521.41,46.101677,0.0073,11.31,161793507328.0,6645000192.0,11.751417,4.7597356,False,True,True,False,False,0,0
CRM,Salesforce,341.7,56.47934,0.0047999998,6.05,328796405760.0,9345000448.0,9.016767,5.5627007,False,True,True,False,False,0,0
SLB,Schlumberger,40.28,13.206557,0.026800001,3.05,57463042048.0,8130999808.0,1.5964173,2.6442592,True,True,True,True,True,1,0
SRE,Sempra,82.93,18.26652,0.0298,4.54,52527775744.0,4930999808.0,4.066247,1.8224771,True,True,True,True,True,1,0
SHW,Sherwin-Williams,358.16,33.916664,0.007900001,10.56,90203668480.0,4399799808.0,3.912797,21.595419,False,True,True,False,False,0,0
SPG,Simon Property Group,173.86,23.11968,0.0478,7.52,65279733760.0,4353110016.0,11.0475025,21.228329,True,True,True,False,True,0,0
SWKS,Skyworks Solutions,88.76,24.054201,0.0335,3.69,14267370496.0,1136199936.0,3.2635002,2.2383618,True,True,True,True,True,1,0
SW,Smurfit WestRock,53.09,73.73611,0.0434,0.72,27615082496.0,2172999936.0,1.6805674,1.5308535,False,True,True,True,True,0,0
SNA,Snap-on,355.15,18.269032,0.0239,19.44,18641752064.0,1480000000.0,3.6530967,3.4059305,True,True,True,False,True,0,0
SO,Southern Company,83.95,19.568764,0.0339,4.29,91982331904.0,13061000192.0,3.4804878,2.7624218,True,True,True,True,True,1,0
LUV,Southwest Airlines,30.71,40.407894,0.0227,0.76,18417924096.0,1682000000.0,0.6727763,1.7691112,False,True,True,True,True,0,0
STLD,Steel Dynamics,128.2,13.284974,0.015,9.65,19899973632.0,2689149952.0,1.1116264,2.1604314,True,True,True,True,False,0,0
STE,Steris,220.65,37.14646,0.010299999,5.94,21779765248.0,1325649024.0,4.0896935,3.3032427,False,True,True,False,False,0,0
SYK,Stryker Corporation,391.29,50.359074,0.0085,7.77,149166014464.0,5693000192.0,6.788296,7.4030843,False,True,True,False,False,0,0
SYY,Sysco,72.92,18.697435,0.026500002,3.9,35674652672.0,4410999808.0,0.4475668,19.280804,True,True,True,False,True,0,0
TMUS,T-Mobile US,232.97,26.564423,0.0159,8.77,266652794880.0,30663999488.0,3.33291,4.222919,False,True,True,False,False,0,0
TROW,T. Rowe Price,116.92,12.806133,0.0428,9.13,25974831104.0,2648399872.0,3.7584221,2.5341368,True,True,True,True,True,1,1
TPR,"Tapestry, Inc.",72.94,21.142029,0.0184,3.45,16997646336.0,1439500032.0,2.5500932,5.699328,True,True,True,False,False,0,0
TRGP,Targa Resources,196.8,35.652176,0.0146,5.52,42914799616.0,4021700096.0,2.6464968,16.69353,False,True,True,False,False,0,0
TGT,Target Corporation,137.91,14.640127,0.0287,9.42,63192018944.0,9230999552.0,0.5889284,4.740153,True,True,True,False,True,0,0
TEL,TE Connectivity,147.97,23.339117,0.0175,6.34,44147294208.0,3761999872.0,2.7861972,3.5919409,True,True,True,False,False,0,0
TFX,Teleflex,180.24,35.69109,0.0074,5.05,8371012608.0,644953984.0,2.7665234,1.8678302,False,True,True,True,False,0,0
TER,Teradyne,115.79,34.981873,0.0039,3.31,18857674752.0,640716992.0,6.8884096,6.5010386,False,True,True,False,False,0,0
TXN,Texas Instruments,184.61,35.43378,0.0271,5.21,168404385792.0,6896999936.0,10.718884,9.750185,False,True,True,False,True,0,0
TXT,Textron,76.51,17.669746,0.001,4.33,14193523712.0,1644999936.0,1.015201,2.0418458,True,True,True,True,False,0,0
TMO,Thermo Fisher Scientific,597.75,36.227272,0.0027,16.5,228639375360.0,10581999616.0,5.3962564,4.666859,False,True,True,False,False,0,0
TJX,TJX Companies,124.79,29.431606,0.0125,4.24,140283920384.0,7125000192.0,2.5220487,19.371313,False,True,True,False,False,0,0
TSCO,Tractor Supply,54.36,26.64706,0.0154,2.04,29038841856.0,1913799040.0,1.9661303,2.539475,False,True,True,True,False,0,0
TT,Trane Technologies,362.75,32.244446,0.0092,11.25,82430582784.0,3691200000.0,4.2515635,10.760902,False,True,True,False,False,0,0
TRV,Travelers Companies (The),245.18,11.419656,0.0176,21.47,55557787648.0,6719000064.0,1.2253052,2.0095239,True,True,True,True,False,0,0
TSN,Tyson Foods,56.49,25.106667,0.0352,2.25,20120213504.0,3144000000.0,0.37742618,1.0930305,False,True,True,True,True,0,0
UDR,"UDR, Inc.",41.74,109.84211,0.040999997,0.38,15680049152.0,989297984.0,9.346052,3.9680579,False,True,True,False,True,0,0
UNP,Union Pacific Corporation,247.79,22.323421,0.0227,11.1,150224420864.0,12030000128.0,6.185129,9.068252,True,True,True,False,True,0,0
UPS,United Parcel Service,114.23,16.948072,0.048699997,6.74,97480458240.0,12007999488.0,1.0749229,5.780286,True,True,True,False,True,0,0
URI,United Rentals,758.06,19.588114,0.0086,38.7,49506701312.0,4542000128.0,3.3052945,5.804263,True,True,True,False,False,0,0
UNH,UnitedHealth Group,542.49,35.203762,0.0155,15.41,502079356928.0,35035000832.0,1.2746431,5.2966676,False,True,True,False,False,0,0
UHS,Universal Health Services,188.56,12.562291,0.0042,15.01,12438473728.0,2124051968.0,0.80676275,1.8830014,True,True,True,True,False,0,0
VLO,Valero Energy,133.0,15.48312,0.0324,8.59,42105802752.0,7816000000.0,0.32708365,1.6673563,True,True,True,True,True,1,0
VLTO,Veralto,103.39,31.910494,0.0042,3.24,25569173504.0,1264999936.0,4.9784217,13.079063,False,True,True,False,False,0,0
VRSK,Verisk Analytics,287.44,44.358025,0.0054,6.48,40589692928.0,1363000064.0,14.376684,135.6489,False,True,True,False,False,0,0
VZ,Verizon,39.39,9.514493,0.0692,4.14,165817319424.0,48428998656.0,1.2352579,1.7214404,True,True,True,True,False,0,1
VICI,Vici Properties,29.77,11.025926,0.058000002,2.7,31382640640.0,3661391104.0,8.247698,1.1939042,True,True,True,True,True,1,1
V,Visa Inc.,341.8,34.59514,0.0069,9.88,662322937856.0,24973000704.0,18.435755,21.605562,False,True,True,False,False,0,0
VST,Vistra Corp.,168.03,31.644068,0.005,5.31,57168171008.0,6019999744.0,3.514797,19.309355,False,True,True,False,False,0,0
VMC,Vulcan Materials Company,274.15,42.76911,0.0067000003,6.41,36204523520.0,1985699968.0,4.893627,4.602226,False,True,True,False,False,0,0
GWW,W. W. Grainger,1062.67,28.767464,0.0073,36.94,51752243200.0,2836999936.0,3.0564756,14.775929,False,True,True,False,False,0,0
WAB,Wabtec,207.92,34.65333,0.0038,6.0,35739369472.0,2110000000.0,3.4597645,3.5173907,False,True,True,False,False,0,0
WMT,Walmart,98.16,40.9,0.0099,2.4,792493817856.0,40779001856.0,1.1916573,9.427585,False,True,True,False,False,0,0
DIS,Walt Disney Company (The),113.06,41.719555,0.0082,2.71,205133807616.0,16750999552.0,2.2785556,2.0404627,False,True,True,True,False,0,0
WM,Waste Management,220.26,32.343613,0.0143,6.81,88404877312.0,6381000192.0,4.13358,11.079477,False,True,True,False,False,0,0
WEC,WEC Energy Group,99.26,24.268948,0.0359,4.09,31401297920.0,3489200128.0,3.679897,2.5990417,True,True,True,True,True,1,0
WELL,Welltower,136.48,87.48718,0.0195,1.56,84984725504.0,2930661888.0,11.24799,2.7822964,False,True,True,True,False,0,0
WST,West Pharmaceutical Services,341.55,50.675076,0.0023999999,6.74,24735868928.0,744700032.0,8.599592,8.997629,False,True,True,False,False,0,0
WY,Weyerhaeuser,30.62,41.945206,0.025799999,0.73,22247942144.0,1234000000.0,3.0942895,2.2417455,False,True,True,True,True,0,0
WMB,Williams Companies,55.43,23.48729,0.0353,2.36,67569725440.0,5864000000.0,6.5183992,5.4519525,True,True,True,False,True,0,0
XEL,Xcel Energy,67.2,19.940653,0.0328,3.37,38589059072.0,5510000128.0,2.803826,1.9935919,True,True,True,True,True,1,0
XYL,Xylem Inc.,124.04,35.643677,0.0117999995,3.48,30134896640.0,1688999936.0,3.577267,2.845411,False,True,True,True,False,0,0
ZBH,Zimmer Biomet,109.48,20.893131,0.0087,5.24,21794621440.0,2557400064.0,2.8694124,1.7658919,True,True,True,True,False,0,0
ZTS,Zoetis,170.9,32.124058,0.0116,5.32,77104095232.0,3764000000.0,8.424835,14.744198,False,True,True,False,False,0,0
